BC40_1,TCACCACGCGCGTATAATCAAGACTACACGCACGAGGATA
BC40_2,GTGTGCTCTACATGTACGACGTATTGCTCTACGGAGAGCT
BC40_3,ATCGCCTGCTCAAGCCTGGAAGCATTACGCGATTCAATCA
BC40_4,AGTTCGCCATGCACACCGTAGTAAGACACCATAATGGTGG
BC40_5,TCGTCCTCTGTGCAAGTGAGACCTGCATTGAAGCGTAGTA
BC40_6,TTGTACTTGCCTCCTTCCGCTCTACATAGCGATATCAGCC
BC40_7,TCATCCGGTCGCGAAGTTCGGAATAAGCGCAGTTCAGAAT
BC40_8,CAGGAGGTATTGAAGGTGTCGAAGACTTCTTAGCAGGAGC
BC40_9,GTCACGATAGGTCATTAATGAGGTACTGTTGGCGGAAGCG
BC40_10,ATTCGACTAACTACCGCCACAAGTGATACGTTGCCGCGTA
BC40_11,TAGGTAGATGAGATCCGGACGACCAGATGGTGATCAATGG
BC40_12,TTCAGACCTTACAAGCGTGATCCGCGCGGTTAAGACAACA
BC40_13,AGCATGTGGAACGCGGACCATGCGAATTGTATGGACTATG
BC40_14,CGGTCCTGACGCTCTCGTACATCCAGACTCTTGACTTAAT
BC40_15,AGCGTATAACCACATGGCAGTATCTCCACCAGTGCTTACC
BC40_16,CACGTCTCTTCACGGTCTCCGAATCTACCGAATCTACAAG
BC40_17,GGTGGTCAACTGGTCTCCATAATAACACAGACGAGGTCGT
BC40_18,ACGTAAGAGAGGCATCAAGTGGATCTGCGTCCAGAACCAT
BC40_19,GAGAACTTCATTAGAGAACGCCGACCGCACACTTGAGTTC
BC40_20,TCAAGGTGACCTGTCCAGTTCGAGAGAGTGATTAAGCCGA
BC40_21,TCGAGGAGACAGCTTGATCCACCGTATGGTAGACGGTTAA
BC40_22,GAAGAGAGATGACAGCCACCACTTATCGTTCCGGATTCGT
BC40_23,CATGTCGTCGTAGCACGAATCGAACTGCACCTCATGTACT
BC40_24,CTCATGCTCGAGAGCCTTCTGAACTGGCTTGAGTCTACTT
BC40_25,GGTGTCGTATATCACGCGTAAGCCGTCAGTATGAGTCTCT
BC40_26,ATTGTGCGTTCGTCGAGGAGACCAGTTAGAGAGCAGTAAG
BC40_27,GCAGTAATGCCAGAAGCGAGTCTTCAAGATCACAAGGACG
BC40_28,TTGATGTGCTAATCAATCTAGCGTCGCCATTCCGCAGAGG
BC40_29,CATCTCTAGCACGTGATTAACGCCTAGCAGCAACGTCACA
BC40_30,CAACACACCAACTTGAGACGGCACGTCAAGTCTTGATCCA
BC40_31,TACTGTACAGTCTTAAGCAGCGATACCGGCACCGATTCAG
BC40_32,TCTTACAGGTCGACGGACGATAGTCCAACAATCCGCATTC
BC40_33,ACGTAGGACCAACATCGTGAATGGACTTCGGTCTTGTACC
BC40_34,TGATGATTCCGCCTGGATCAACTAGACGCACAATCGACCT
BC40_35,CGACCAACGCACGCAACTTAAGGAAGATGAAGTGGTCAGT
BC40_36,GTTAACCGGCATGTAGTCGACATGTTAGTGCACTCCGTGT
BC40_37,AACGGATCATTCGCCACAACCAGGCATGACTGTTGACCAT
BC40_38,TAAGATTCGGACCAGAAGCGCGGCCTTAGGCTAACAAGAT
BC40_39,ATGGCCATGATAACATCGGTAGATCTCGGCTGGTACTGAG
BC40_40,TATCGCTGCTGAGATCCAACAAGACGATGAGAATCCGGTG
BC40_41,CGCCTAAGCGTAATATTACCGCAGTGTAGAGACTTCGAGC
BC40_42,AATGATCAGAGGTTCCACCACATATGTGGTTGCCTCAGGC
BC40_43,AGGCTAAGTCGTGAGGCAGAATGCTTCTCACAACGAGTGT
BC40_44,TACCTCCTTCGATACAGAACTTAGCAGGCAGCCGTAATCC
BC40_45,ACCGACATGTAAGGCAGCGACGAACACACATTGGAACACA
BC40_46,TGTGATAAGCAGGTAACGGCCAGTACGTTCCACAATCGAC
BC40_47,TTCCTCCAGGTGGATTCAGTAATGGATGGCTCGGATCAGA
BC40_48,CTCCAAGTCGAGTTGTCGTTCGTACACTATCAGGCACGTT
BC40_49,TCAAGACACTCGCCGCCTTCTCACCTTATCGCTAATGCAT
BC40_50,GTGTTAGGCACCGTGGAGATCGAGCGTATCAGATTACATG
BC40_51,CCTCTAGTCAGGTGTCAACACTTGGATGACTATTCCGCAG
BC40_52,ATCACGCGCGAGATGACCATTAGGCTATAACGAGGCGTAA
BC40_53,ACATGCGAACTTGGACACGTCGTCACGTGTAATGGCAATG
BC40_54,GGCGGCAGGATTCTACTTCGATCCGTTAAGTTATGCCATC
BC40_55,CTGAGGTAGACGATGATGGACCTCAGTGGCTAGTATGCAA
BC40_56,CACTTCTTGGCATTCGGACGACGGATTGCGCGATATGTTA
BC40_57,CTGACAAGGTACGACAGATCACGCTCACACGAGATGAGAA
BC40_58,GGACATACATGTGCTCCACGTATGCTTACGTACATGGAGC
BC40_59,TTCACACAGTCATCTGAATGGTCCATAAGCTACCTGCGGC
BC40_60,ACATGATTGGCATGACGGTCTCCGTTACATGTCGTCCTGA
BC40_61,ATGGTCTTCATAGTACTTCTGCCGACAAGTGCTGAGCGTG
BC40_62,TGGATTACTGAGCACGGATCCAGAGTCCTATCGCAGTATG
BC40_63,AGTGTCACCGACCTACATAAGCAACAGTCTCTGCACAGAC
BC40_64,ACTGCACAGACTACATCCTAGCGGTAAGTCGATGTCTCTG
BC40_65,AATTATCATGCCTTGCCTGTCGAGGAGCTTGCGACAGTTC
BC40_66,TTACCGGACGATACGTCGCCGATTGTGAACATTCGTCAGT
BC40_67,CGCTGAGATCAACTTAGGACCTTACCAGAACCTCATCGGA
BC40_68,CTCGATAGCTACCGAGTTCGTGCTCACGTAATAGTTCCAC
BC40_69,GCATCAACTGCGGTCAACGCTTAAGCTAGGTCTCGTAACT
BC40_70,ACACCACCGGCTCCTATAGACCAATGTTCAACAGCCATAG
BC40_71,GCCGTATAATGTTGGATGTTGTCGCTCTTAGCTCGCAGGA
BC40_72,AATGTCGAAGGAAGAGAGTCTTCTAGCTCCGCCAGTGCTT
BC40_73,CTTGGCTCACGAATTGATCTCTTCCGCTGTCAGCTAGAGA
BC40_74,CCGAGAATTCAGGCTGAACACTCTGTATCTGTGCTTCGCT
BC40_75,ACAATCGCGTTCATCCTCTTGTAAGTCGAGCGGACTTGCT
BC40_76,AGTATCTACCTGGCCATAACGTACGTGATTCCTTGCGGTC
BC40_77,TGGACAAGGTGTAGTAGCACTTGAGTGTCCTATTGCCAGC
BC40_78,CCTAGGAACGTCGAATTATGCACTTAACTGAGGCTGGACG
BC40_79,GCAAGTGTGCCTACGAATAGCTAAGCGTCTCATCCTGTGA
BC40_80,GACATACTTACGACTGCGTAGCCGTCACATCCGTATATGC
BC40_81,CAATGATTCAGTGCCGTTGCGTGCTCCGAGTCGCAATATT
BC40_82,GTGCAGGATGCGGAATGACACCGTCTGAGAAGTATCGATA
BC40_83,GCGTCTGGAAGCAGAAGAGGATTATTCAACGGAGTCGCTA
BC40_84,CTATCTCCATTGCGAGATTGCTTCGAAGCTGGCCGCTATA
BC40_85,CTAGCAACAGCTGATCAGATGACTTCGGACTAATCCACGC
BC40_86,TAGACGTCTCATGCCAACGAATTCGAAGATAAGCGCGCAC
BC40_87,GGAGATGTCTTCAGTGGTGGCTAGAGACAATACTTCCTCG
BC40_88,GCTTGACCTCCTGACTGACCAAGCATCGTTATGTCTACAG
BC40_89,CAGCCTACCTCATAGAATCTTAGTTGTGTGCGGAGCACCT
BC40_90,ACGTAGTTAATCAGTGGCCTTGACGAGGAGGCTCTCTTCT
BC40_91,AATCGACACTTGATGTAAGGATCGACTCTCGTTAGCCGCG
BC40_92,CGGTCACTACGGTATTGCTAGATGAGCATTCGTGGAGTGT
BC40_93,GGAGTCCGCGCGTGACTTATCATGAGAGCTATACTGTTAG
BC40_94,TACTGTGCTCCTAGAATGCCGATGGTTCCACCTGCTTATC
BC40_95,ACGTCTACCTGTCGTTCCTAGTGTTCCGTGTCCTCTCTAT
BC40_96,CGACAGCATTCTTGATTGCATGCGTCCAGCAGGAGATGAT
BC40_97,AAGAATTGCGTTGGCGCTTCTCTCGACTCCGTCTAACGAT
BC40_98,CATGAACGGTTCCGGAGTCCGTCGGAATATGATGCATTCT
BC40_99,ATCACTACTCCAGTCGCTATCCGCTAGCGGTTGAATCTAG
BC40_100,AAGCCACATACTGTCAGTGGTTCAGGTGACCACACACAGA
BC40_101,CATCCACAAGAAGCCTTCTAAGTGGACTCCTGCTACTTCC
BC40_102,CGTTGGCCTGAGAAGTCACAATAATCGTTACGCGATGACC
BC40_103,TTGGTAACCGCTTGGACCGTAGGCATATACGTGCTACAAC
BC40_104,TGCGCATGAGTCACTGCACTCACACGCATGGATAATTGTG
BC40_105,CCGCCGGTTACCTCTAGCAACCTTACCTACCTCTTAAGTA
BC40_106,GATAGTTACGTTCGATGCCAGCACGACATGTGTACGACAC
BC40_107,TGATTGACTTGCGGCGACGGACTGGACCAGATTATAAGGA
BC40_108,CACTATGGTAGGACTAAGCTTAGCAATCGGATAGTGCCGG
BC40_109,GAGAGCAAGCATGATCTATGGCTATGCGGAACCAGGATTG
BC40_110,CAATCCAGACTGTGGCTCAGTAAGCGGTAGTGAATGGCTT
BC40_111,TGGCCTGCGATTGTAGCTGAGCCTCTAGAGCAATTGACAA
BC40_112,ACAATATAATGCCGCTCAGCTGCATCCATTGACAGACCGC
BC40_113,GTTGCAGTCAGTCTACTAACTCCTCGAATTAGCCTCGCGT
BC40_114,GTCCAAGTATGTTGAGCAGTGTAACCTGGAGGCTAGTCAC
BC40_115,TTGCTTAGGTGACGCCTCATCATGTCTACACCGCAAGGAA
BC40_116,GCACTCTATGTTGCAACGCGCGTAGTATCAGCCAAGACTT
BC40_117,ACACAGACGACCTCGGTTGGTAGATTACGTCATAGGTGAG
BC40_118,ACTGCGGATTCGTACACCTCTAACTGGCTATCACACCTTC
BC40_119,ACTAAGTCTATGTCGTTGGTACCTTCGGCCTCTGACACTC
BC40_120,TGGTAACATGGTAGTGTGTACGATGGAGAAGTAGCTGCGC
BC40_121,GCTCACGGACAATGGAATCATATAGCGCTGCTAGAGTGAC
BC40_122,TCATGTAAGCGCTCACCGCTGCAGACCTATTGAACTTAGC
BC40_123,AGCACATCGACCTGCTCACTAATGCCTAGGTCATTGATCG
BC40_124,CATGTGCCGCTACAAGTAGATCACGTCGGCAATCACGTTA
BC40_125,TATCGAGCTCGCCAACTCATTGTAAGGCCTGTCGGATGTT
BC40_126,AGCGTACTTAATGAGTGTCGGATTGCGGCTACTATCGCGT
BC40_127,GCCGCTTAAGACGTGAGCTTAGACGTAACACCAATTCTGG
BC40_128,ATGGCTAGGTTGTCTGGTTGCGTAGCGGAGTGAGATATGT
BC40_129,GTGTTGGAGGTAACCAATGATAGCCAGACCTTAAGACGCG
BC40_130,CGAAGAGTAGCCGTAATCCTAATTGGCTCTGGACGTGATC
BC40_131,ACTGTAGACGGCCTTGTCCTTCCTCTCTCATAGTCACAAG
BC40_132,CTCCAGGCATACAGTTATAAGTACACTCCGTGGAGTCGCA
BC40_133,GGCAATGCGTCAGTGTGCAATACTGAATCGTTAGCAGGAG
BC40_134,TAATTCGGAGCCTGTGTCAAGTGACCAGTTCTGGTCACGA
BC40_135,CTCGTTGAGTAGTTATCTCCAGACTGTTCCTCTACGCCGT
BC40_136,TAAGCGTACACACGCAGAATAGCTCCTGAAGTCCTCCTTG
BC40_137,AGATTCTATGGTGAGAGCAATCTGCCGGAGAGCTGGCTAT
BC40_138,TGTCCGTAGGATGAGCATATTCCTAGTGTCTCCTGTGACG
BC40_139,TTGGTACGCCGAATTAGGTCCTAGGTCCTTCGCAGTTGAA
BC40_140,GCGCAAGGCGCCACACTATCAACTATTAGGTAACATAGCC
BC40_141,CAGATGAGATGCGTATCGACCAGTTACGATGCAACCTTCG
BC40_142,TAGTTACCGTGGTCGTTGATAGGAGCGCTTAGCTTAGCAC
BC40_143,GAGCGTCGCCTTCTTGACTACGTTAGGCTAATGCTAGCAT
BC40_144,GTATATACCACATTATAGCGGTGAAGGCACCGACCGCGTA
BC40_145,GGAATCGCGGCTTGTGACCGTCACTCAAGATTGTAGCATT
BC40_146,AGGCAGCTCACTCGGTCAGATGACCTAAGTATCGTGATGA
BC40_147,GATCTTGCTATGGCTAACATAGCCTGCCGCTAGACGAGTA
BC40_148,GCCAGACGAGATTCCGGCAGATCATAACTACGTTATGGAG
BC40_149,TCTGATCGATACCACTAGATGATAGACCTCTGTGGCGCCA
BC40_150,TGACTACTATAGCGTACATCGGATTAGACTCCGCCTTGCG
BC40_151,GCTGAACCACTGATCTCTTCTCATATATCCGTAGGCGTCC
BC40_152,GAATTCTGGTGGCATATCTTCGCAAGGTCCACGTATAGGC
BC40_153,TGTCCTCTGATAGTCTTGGTCAGAGCTGATGGTCCGGTTA
BC40_154,CCGTTCTCATGTAACCTATTAAGGTGAGCCGGAGGTTCAG
BC40_155,TCGTCGTAGATCTAGTTACAATTCCGCAAGAGTCAGCGGC
BC40_156,CCGCGACAATAATCACACGGACATATCGCAAGAGGAAGTC
BC40_157,GGAGTCCGCAGCTCCTCTATTCCTCCTCACGAAGATAATA
BC40_158,CGCGACGAGCATAACTCATCGCCAATTCTGATCCTATGGT
BC40_159,GGCTGCAGTATGTTCCGCTCTAGTTACACCTCGATTACGA
BC40_160,CAGCATATCGATGTCAACTGTGGTGCGCATTCAGTCTGTG
BC40_161,AAGAAGCTGCCGATTCATCCGTGTACGAGACTTGGATGCA
BC40_162,TACGCTTCTCGTTATTGTTCGGCACTGAGCGCTACTGTAG
BC40_163,TCCTGTTCCTGAGGTTACCAACGGATGCGATAGCAGTAAC
BC40_164,GTACGTCGAACGACACCACCGGCTAGTGATAGTATACTCA
BC40_165,TCTCCGTTCTCGAGGTGGACGTGACGTTACACCTAGTTAT
BC40_166,TTACGTGTACGAAGCACCTGAAGAAGCGGCACCTTAGATC
BC40_167,ACGAATCAAGCATGCAGGCTTGGTCAAGGTAAGTCTCACC
BC40_168,TTCGTGTCTCTTCGCCGGTGACACTATTGTAGAGTTGTGC
BC40_169,GACTCAACGAGATAACTGCTCGTTGCGTGAGATGTTCGGA
BC40_170,ATTACATACTGCTAAGACGGCATGTACAGTGCGTGCGGCA
BC40_171,CTATGTCTTCGACTTCAGGCGGCCGAGTCAATGAACTTAC
BC40_172,AACTCGCTTGGCAATTGCGCTTCAACATGAAGGTGTCGTG
BC40_173,TCACACATCAACTCCTGTTGAGTCTGGCCAGTAATGGTGC
BC40_174,ACGTTACGTGTACCTTGACGTTAGAGCATCTCACAGGCTC
BC40_175,GTCCAACCGACGCGTCCAAGCTTAATATGGACTACATCTC
BC40_176,GTCGACATGAGGCTGAGACTTGTGTCAATCGTCTCGACTA
BC40_177,TACTAGAGAGGCGGACGTCTAGGCTTGGCCATATGTAAGT
BC40_178,TTGACGTCCGGTCGTATGTAGACATAGTAGCGCCACAACA
BC40_179,TTGGCTGGAAGGTTGCTAGTACACCAAGCAGACACTGATC
BC40_180,CGTCATTAAGCTCACCATGGACGGCTATGGTACGACTCAT
BC40_181,TTCAGTCGCATTCATCTCTCCTCGTCCTCCAACTCGCATA
BC40_182,CGCACGGTAGAATCCAGAGATGTTAGGCGGTAACATTCCT
BC40_183,GGATGAGATATCCACTCGGAACGTTGTGCCAAGAACTTCG
BC40_184,GATTGCCACACCAGCACATTCAACACGACGAACAACGAAC
BC40_185,CAACCATGCAACATACATGAATCGGTGTAACGCGCGTGAG
BC40_186,CCGAGTAGTGGACTACCGAATGCAATGCTCCTTCCTATTG
BC40_187,AGCGTTAGTATTGCAGGTAGTGGCAGTCTTGCCTTGAGAG
BC40_188,ATCAGCGTATAGGAACGGTCTCGAATGGAATCGTTGGCCT
BC40_189,CGTGCCTCAGTACGGAACATACACAGTCGAATTAACTCCG
BC40_190,ATGAATGACGGAGCACATTGATCACGCGCTCGCCTATTAG
BC40_191,TAGGTCGATTAACGATTAGGCGTGAAGGTAGTGTCCGAGG
BC40_192,CGTGTGCACAATGGACAGGCTTCATATCCGCGGTAACTTA
BC40_193,CACCTCAGGACCGCCTAAGTGTCACAGTCTAATAGTGGTT
BC40_194,TGCACTGTGGCGCAGGTTGAACATGATAAGACTGGATCCT
BC40_195,AGTTAAGCAGACTGGCCATGCAGCTGACACTCCAATAGGT
BC40_196,AGACTGCAGAGGTAGAGGCTATTACAACGGTGAGGAGATG
BC40_197,CTCACGATGAACTGTGAGGCGTTAGTCACTCCACGATAAC
BC40_198,CGGTGGCTCCAACAGCATATCAGAGAACGCATCAGAAGTA
BC40_199,TGTCCTCATTGCATTGTGACACAGCATCGTCGGCTATACC
BC40_200,GTTCTAACTGCAACCGTGTAGGCCTATGTCCGTCCACAAT
